1f_lr_01,1f_lr_005,1f_lr_001,1f_lr_0005,2f_lr_01_dense2_no_activation,2f_lr_005_dense2_no_activation,2f_lr_001_dense2_no_activation,2f_lr_0005_dense2_no_activation,3f_lr_025,3f_lr_02,3f_lr_01,3f_lr_005,2f_lr_01_dr_0,2f_lr_01_dr_005,2f_lr_01_dr_01,2f_lr_01_dr_015,2f_lr_01_dr_02,2f_lr_005_dr_0,2f_lr_005_dr_01,2f_lr_005_dr_02,2f_lr_005_dr_03,2f_lr_005_dr_04,2f_bn_lr_01,2f_bn_lr_005,2f_bn_lr_001,2f_bn_lr_0005,2f_lr_bn_01_dr_0,2f_lr_bn_01_dr_01,2f_lr_bn_01_dr_02,2f_lr_bn_005_dr_0,2f_lr_bn_005_dr_01,2f_lr_bn_005_dr_02,2f_wg_0_lr_01,2f_wg_00005_lr_01,2f_wg_0001_lr_01,2f_wg_001_lr_01,2f_wg_005_lr_01,2f_wg_0_lr_005,2f_wg_00005_lr_005,2f_wg_0001_lr_005,2f_wg_001_lr_005,2f_wg_005_lr_005,2f_dr_02_wg_00005_lr_01,2f_dr_02_wg_00005_lr_005,2f_dr_02_wg_00005_lr_01_bn,2f_dr_02_wg_00005_lr_005_bn,2f_dr_02_wg_00005_lr_01_bn_mom,2f_dr_02_wg_00005_lr_005_bn_mom
1.7418406654368757,1.7983193728474536,2.1024083401182985,2.205182339513712,1.851267838161061,2.2492890918753847,2.3007238047926517,2.301217287307197,2.302633188847011,2.302350976410206,2.3025937382780546,2.302564150686124,1.8545331546696557,1.873789494772672,1.8728903983883718,1.8650025184042083,1.8495242727271899,2.2571838483918407,2.2471027860523325,2.245596895740922,2.2448708021859813,2.2495178564880822,1.5464720480681327,1.6103893337026334,1.7650867246344948,1.8764014347278903,1.5529940577153432,1.560488614696225,1.5697696366556428,1.6133321492682706,1.6179491674389561,1.6223572760825367,1.9699740510001915,1.9548663652360774,1.9640627667862613,1.9996049049593512,1.9929420676143554,2.4269150227348875,2.422576630627603,2.4269528751911578,2.4343997247124016,2.4706989745820533,1.9907655179718369,2.4346096597665903,1.5809999072846534,1.6528652748545765,1.5736365819339955,1.6588447580641308
1.718115269578298,1.7363838203773074,1.9624386049959452,2.102270976564058,1.6493262116694238,1.861419824613029,2.297788670866803,2.299898541284475,2.014004606759974,2.0658392503296796,2.302492977008108,2.3025238594774198,1.6463731894454046,1.6524735895964007,1.6520811181094777,1.6538523523004172,1.6543505337922544,1.8584687406638254,1.8374998605642148,1.8540471596757258,1.8725957198179901,1.8520871664860334,1.425225244101704,1.5029757923974731,1.6693965068359746,1.7487091346597203,1.4264970429170478,1.4501096083601,1.459973942489139,1.503613118883092,1.5121312819867991,1.5196114077171017,1.7260116601853988,1.7280794055630275,1.7261450935776612,1.7388361371369014,1.745526988723815,2.1535117684522476,2.1335163356191593,2.152391806272844,2.15515025577832,2.208248892508835,1.7649980617854581,2.1810777494593947,1.4833814735477966,1.564884314208457,1.4779670683374622,1.5690005065947137
1.7121091456247202,1.7198693463655956,1.879860822565824,2.0230055226840205,1.5474721861512744,1.6967012426772503,2.2924489850815335,2.2982829393691206,1.6630604709247514,1.7489081036974632,2.3016468554383427,2.3024472733647032,1.551932162010852,1.5544778308759915,1.557968951480105,1.5631672850139318,1.569922461859909,1.698886871929305,1.6958238054171841,1.6971455029889417,1.7074327285420547,1.7014002544735873,1.3504672371740474,1.4345310606505832,1.616225768753575,1.6909992692841407,1.3541184915980107,1.38108367497813,1.3957920012342127,1.4338106517486704,1.445014285983114,1.4541695295547987,1.6777229075821425,1.6779739387980772,1.6784511705727903,1.6904631656652949,1.6897911621378856,1.9444723251417695,1.9207049862280372,1.9309590978068,1.9322840404240922,1.9741936411804413,1.7215825748069116,1.9578870009912042,1.4303216039956215,1.5177662091797846,1.426547037638872,1.5195329522069327
1.7094656373485384,1.7130911640351603,1.8294709325642722,1.9623582046944354,1.4477837007921877,1.6402504240328324,2.2809378296742864,2.296155275856894,1.4509389635361347,1.5026923303258835,2.2173385283467417,2.302281709949981,1.4567084478293828,1.4593913370652278,1.4702111189295122,1.479489428454266,1.488756882224138,1.6409398228611376,1.6434640149678752,1.6441219380099938,1.649261305247288,1.6492630018260057,1.3065651187922578,1.3862950844409017,1.5750351930957391,1.6508819259108816,1.3072804406614764,1.3374532201134404,1.355382773255402,1.3854218242809437,1.3960382654867354,1.4097783073140508,1.64991812387113,1.6492499595033492,1.6509863599545052,1.660829590840546,1.6570712850442955,1.8432883501616353,1.8242982256281455,1.8274892141108834,1.829065084555286,1.8577296991395462,1.6982825504005103,1.8548362642581204,1.3964941601801288,1.4867242300118229,1.3943732651022003,1.4876800684093998
1.7080376439483476,1.7091479356758525,1.7971700844268428,1.9158821679305833,1.37199012788963,1.5935658749362642,2.254221783399909,2.293195463201541,1.351072693899979,1.3842194131702648,1.9675183346332108,2.3019103411264052,1.3790259235928903,1.3883497070629836,1.4027545055234638,1.414526933523236,1.4265103645308659,1.5900682812377385,1.5966690087142863,1.5938093405804976,1.6035656662758608,1.6036776685251177,1.2763383527517183,1.3478942859835583,1.5390688625823314,1.6200982626542813,1.2730693138612736,1.3048794612792913,1.3228990582989364,1.3493356560820833,1.3599862131609928,1.3743450798455126,1.627628160580956,1.6265510611721667,1.6287834301571915,1.6372754693609546,1.631838134548277,1.7888351695336766,1.7748204715813074,1.7754858441853858,1.777854549210902,1.7979569651310279,1.6801554003974963,1.805053263106215,1.3720586093199667,1.4639647854739262,1.3707793100061483,1.4636075333703549
1.707634551379495,1.7069036413564922,1.775557758769966,1.8799173317405125,1.3177349065899384,1.5452315218518686,2.1967651829078076,2.2889119783771896,1.3112770097566881,1.309173748266019,1.7831372871193896,2.300451694125041,1.3240714364307824,1.3325896650078,1.3502650284697848,1.3665829713517421,1.3829765695462672,1.539033033714235,1.5487080631073649,1.5432639427287393,1.5585922435853288,1.5595625334154575,1.2515591451218482,1.3202022853729678,1.5091484013581318,1.5950396672740674,1.2527229430269073,1.2810947784689843,1.2980049186992089,1.32119602718742,1.333428365431909,1.3481666864158293,1.6086533511377725,1.6070751206619922,1.6095535811272959,1.6166368080216058,1.6102847905603916,1.7562421508010637,1.7463411085776854,1.7458127738748057,1.748966123100816,1.764319244155962,1.6638282072209634,1.7764788147545778,1.3537355853493116,1.4461073468085617,1.3530634307522684,1.4460221632369665
1.7065795524826457,1.7053849107362222,1.7604363875413245,1.85179020921706,1.2828928248349636,1.4958589024846578,2.1043588055109197,2.282518326321194,1.2559471271388187,1.2620018629515917,1.648589233166638,2.2847440623861357,1.2816404822328904,1.2936318752419902,1.3143822185456147,1.3310345454954984,1.3515809027155619,1.488706549689192,1.4998420171931202,1.4941038900525898,1.5138697570218964,1.519322962306724,1.2329883531745514,1.2972757666756922,1.48390290214225,1.5724358539609065,1.231198437501936,1.2632376292407195,1.280238571930588,1.2977249998576799,1.3097553825843633,1.3252150871868642,1.591621220434643,1.5895694142309644,1.592106918663463,1.5984917716656035,1.5917108508596567,1.7349344783459884,1.7281612757354194,1.726602626786323,1.7305121203677691,1.7431222482792794,1.6507993771493665,1.7619967479566458,1.3386822530921714,1.4319094094879328,1.3390876005873502,1.4316663411213428
1.7065307366138414,1.7044368466727433,1.7495067343833304,1.829568819734195,1.2529420780788532,1.449434935824536,2.0035589936892366,2.272832235101621,1.2225064395919203,1.2317798341389736,1.5138467789786445,2.127657665248101,1.2546453145332268,1.2638737011822263,1.2879878278791799,1.3017412448218255,1.3279131875309331,1.4420874046589145,1.4541056625491389,1.4493842955145915,1.4729947931657932,1.481694078636041,1.2201956026099865,1.276203433989387,1.4623080689528414,1.5523502327111363,1.2161815065069692,1.247409405689259,1.269603128836537,1.2793075405379888,1.2931217357195026,1.3092652791798158,1.5763678050766534,1.5736743625739762,1.576126745495362,1.5821535421894648,1.575093498297994,1.7200411358376988,1.7155032055415693,1.713064067065554,1.7173841047210536,1.7282511078706957,1.6382801305132144,1.7492180220161222,1.3264923068638161,1.4204586804475012,1.3276595973499046,1.4198948038257972
1.7059158856549748,1.7034037836480644,1.7413660848302301,1.811770306475105,1.2326925857196134,1.4063815999421865,1.919958130861342,2.2582708052992815,1.1979863663321897,1.2046981244625168,1.4251020699646824,2.0318607901058066,1.2290068814562818,1.2412396344422783,1.2664095624981233,1.283388264000668,1.3109228884530228,1.3996747187957124,1.4132400720500153,1.4107955781872468,1.4363656486213399,1.4477489924813438,1.2062627834065012,1.2595094747390336,1.4426957605939568,1.53453989032423,1.203599292852364,1.2350931196979498,1.2578120989461605,1.2629923306793924,1.277948044730554,1.2934554679403834,1.5623857676849966,1.5590229878971467,1.5615106330584927,1.5670912183434198,1.560436294825117,1.708891317371836,1.7060516221566924,1.7028087728417995,1.7072262197975598,1.7169471825046403,1.6331797431968422,1.7424066864099088,1.3168955041017614,1.410420168674415,1.3182250855505684,1.4097919568126354
1.7056905747709286,1.702900421417601,1.735143263887732,1.7973560884156834,1.2140986163352296,1.369168872175297,1.855615608468151,2.237006278611959,1.180770807589474,1.1769995342155708,1.370219012170824,1.898355992111253,1.209679057438653,1.2239367255365925,1.2503664282695477,1.2689192460250782,1.2978119609078624,1.3631443251262003,1.3770685500954882,1.3792721223206943,1.4063975474217045,1.418264772130257,1.1991062485326849,1.246023396297456,1.4257347886431777,1.5180401533691743,1.1933327624448569,1.2235078935092298,1.2491502350071095,1.248582289711183,1.2640016929239717,1.2828025570257786,1.5495980892578844,1.5457016955070684,1.5482319393252761,1.5535328528553565,1.5470889510927193,1.7000386299235868,1.6985374496918058,1.6946245298954838,1.6989647995751176,1.7078249768451002,1.6222790704729184,1.7351054668766979,1.3084429200817496,1.4018646024392423,1.3101227516219591,1.4010154411149551
1.704806993774679,1.7023010283038866,1.7302745702643194,1.7855402825050453,1.2010386521801089,1.3374293921407097,1.805201438669558,2.207952902406113,1.1734788371074332,1.1615998749705918,1.3223598863381738,1.7937460005159873,1.195673897006523,1.2094835958804997,1.235937184985933,1.2543906713538606,1.2835158802399678,1.3323268266768145,1.347146390133382,1.3515539686660056,1.380247573651744,1.3953988155357917,1.1883420115523828,1.2350157722659512,1.409895886974915,1.5031250089569004,1.1837807308715287,1.21525587198983,1.239978992721824,1.236966214667266,1.2523704491285756,1.2706466847238005,1.5376453970448116,1.5335141405667014,1.5354548138924318,1.5409883596242193,1.5351947473949203,1.6927281783393744,1.692319074373204,1.687811709782841,1.6919831526608435,1.7001370790192505,1.6133093753354086,1.7293986421607137,1.301354298674926,1.394459167766272,1.303071429276682,1.393506459508671
1.7049625038938432,1.7020755218420516,1.726380089185994,1.7757513814557984,1.1880875531677912,1.310197150780219,1.766734074028526,2.1716310497392572,1.1590945976387073,1.1650351041955171,1.286879060329506,1.7340507152022078,1.1811478477638857,1.1979632371873759,1.2267697225048415,1.2465252695999873,1.2735043487466386,1.3071345775376177,1.3212558489295805,1.3287029145514953,1.359272422860606,1.3745002102862636,1.1817569743560965,1.2231761223814734,1.3955473450423075,1.4888349335250233,1.1748308483573349,1.2077754803761402,1.2333795180567557,1.2265541780721492,1.2441487619841152,1.2615796313135332,1.52671304472512,1.522327521687744,1.5239159316929327,1.529582614228869,1.5244181823581417,1.686467194831216,1.6869931869060413,1.681956948731149,1.6859358307107541,1.6934720309252784,1.608764857297944,1.7242352348911323,1.2950262229706144,1.3878082499763056,1.2968358685583972,1.3867582752547798
1.7047187492007951,1.7016127371244503,1.7232304348181537,1.7675658526137776,1.1789989886969419,1.2863937030163213,1.7385200447491624,2.1302418023798695,1.1543136582531965,1.1414194878854034,1.280481677289158,1.678160537484219,1.1721996025555776,1.1891880295873831,1.2183265246835107,1.237062452215045,1.2647999622633623,1.2845625553400657,1.3003611151033871,1.3106256590240664,1.34006853792021,1.3554557902544337,1.172330828503157,1.2147417449550604,1.3823310629489611,1.475904694978327,1.1694345837739997,1.200805104310409,1.2259396978644599,1.2173472741362965,1.2339457985563993,1.2538845991869207,1.516551938850284,1.512025179785676,1.5134027285549911,1.5189985649096522,1.5145991381707848,1.6809194356819988,1.6822960461364314,1.6768214941366082,1.6805786916060186,1.687580217575545,1.600577996642449,1.7196642988528748,1.2892143563966798,1.3820018929237732,1.291215985297203,1.3808025604182383
1.704688110015033,1.7014517035997396,1.7206406661433604,1.7606597897710208,1.1694859982555013,1.2681747216269574,1.7175173379669728,2.08636514281279,1.1307983136389832,1.1404060152170181,1.2402247394133943,1.5943494870492187,1.1641368568490253,1.1814346094981243,1.2080861383937933,1.2307394673976968,1.2580208722476454,1.2651583981664156,1.2817838429610462,1.2918598205679173,1.3232573428255137,1.340365660886822,1.1668851066093486,1.2046525783898094,1.3707826635797886,1.4635026858151203,1.1618954917302922,1.197215497620715,1.2229787694295138,1.208990042753215,1.2270260123823455,1.2462931258412993,1.5071006480391185,1.502351351679225,1.50345013785694,1.5091958389467306,1.5056526119613214,1.6759498496989327,1.678073500389024,1.6722375603518962,1.6757411157647228,1.6822555463622042,1.593595428780409,1.7141072312422079,1.2843091064477867,1.3765452667505171,1.2865896782699329,1.375329809180054
1.7050856263029517,1.701081852618781,1.7184819732159813,1.75477834289008,1.1664360003073293,1.249979255950823,1.7012073659338776,2.0419462230448904,1.1202863886363343,1.1207944711942144,1.220907289493944,1.5228218511168277,1.161853571014838,1.1752330970050424,1.2041367617837662,1.222971304409704,1.2533191829906312,1.2484276495812683,1.2662415565905696,1.2779262137368366,1.3095120078082778,1.3273273541501496,1.1634854479979861,1.1970280262821122,1.3593504092010944,1.452088519410149,1.156148635257556,1.189497664713697,1.219189475098612,1.2006995189387724,1.2201351607755528,1.2387494233912264,1.4982771242283615,1.4933994589320483,1.494360358352879,1.5000181695198833,1.4974527515262348,1.6714435494498134,1.6742282543930638,1.668097717908105,1.6713319309968249,1.6774021922322788,1.5896772313644745,1.7117391573009133,1.2796967034237894,1.3716608452954315,1.282276139014012,1.370440964214846
1.7046091089694395,1.7008874803012848,1.716638997035531,1.7497336707122295,1.161045866739455,1.2347561301956445,1.6876823830555154,1.9983071222454198,1.12121809923175,1.1049203121610065,1.2110856061455642,1.4645610041360406,1.1547388443364939,1.1704842994342124,1.197124311068818,1.2189228909070884,1.2455918757816542,1.2343672962792913,1.2530667112411566,1.265653315323453,1.296839156180959,1.3165096442845328,1.155554851355122,1.1917232661975998,1.3490252680561272,1.4413311515500342,1.1513141342760498,1.1851520142583392,1.213239583862731,1.194868933920836,1.2125877713649724,1.2337202434651071,1.4900490961813664,1.4851482936255345,1.4858324061294954,1.4914764910256064,1.4897901982978952,1.6673041790979004,1.6706645811825347,1.6642835370098583,1.6672784356089656,1.6729311197537724,1.58140692442393,1.7066342493267803,1.275606898721659,1.3672044746377452,1.278140227584755,1.365910443457131
1.7045376411039248,1.7006246513612537,1.7150813312511437,1.745384980657885,1.1543312357912658,1.2230417144753083,1.675702426044039,1.9565486058228874,1.1209822939192116,1.1087144927316752,1.1968111904972698,1.4188808839291376,1.1454687369475056,1.165442670461321,1.1931825424163132,1.2129231612052391,1.2399699347044746,1.2219964262112146,1.2423488948976806,1.255048230450539,1.28651127794351,1.3073768051309518,1.1501091666570784,1.1859545583844935,1.3397790966327952,1.4318053080436504,1.1484792936301704,1.1822690097210413,1.2107879066700147,1.1870938477953745,1.2072198391614082,1.2278382399179941,1.4823308249363443,1.4774313418530092,1.47788677470365,1.4835271137296884,1.4827890659432987,1.663459374702881,1.667342923330039,1.6607467934286968,1.663511618927486,1.6687802403048744,1.5786642821392536,1.7044556404344016,1.2718782823346888,1.363160087986398,1.274543743948205,1.3617913548199816
1.7039420916605625,1.7005286565854025,1.7137384337741095,1.7415977144539094,1.1488322603660999,1.2116186644674498,1.6646118408147013,1.9175391892429743,1.1035587488471301,1.1022712363060987,1.1902963680326715,1.373806991495745,1.1429807478328378,1.161026633045536,1.1882699916139112,1.2106794872846898,1.2345809432242012,1.2104835669443896,1.2319935261430848,1.2454181047107278,1.276664834149665,1.2982156396047644,1.1491870085970572,1.1793403794977122,1.3304978434793033,1.4223816067976498,1.1447884581126373,1.1773064805665636,1.2043668252383837,1.1836783922427212,1.2025077798458492,1.2244308480187465,1.4751821977773028,1.4701948656670147,1.470452986959656,1.4760658200374825,1.4763161031973546,1.6598607744748082,1.6642221779042508,1.6574542330310194,1.659999317895585,1.6648891972495394,1.5708644602839434,1.702158822771706,1.2684700069808592,1.3593864792479633,1.2712085405800735,1.3578956517264527
1.7039649692658492,1.7003554726378138,1.7125653413696704,1.7382829023862496,1.1457683305014192,1.2022967196889933,1.6538424488799846,1.881957798417406,1.1113048296774415,1.089889561915131,1.1679490453521642,1.3443651476772587,1.1383020511518853,1.1574024764098718,1.182561703645404,1.2050609664905263,1.2305985650875975,1.2017938878450845,1.2223875876029109,1.2374914024666117,1.268908483601797,1.2914839859093785,1.1429669253469998,1.1747616630810895,1.3217810001667742,1.4134915583767171,1.1430046901460726,1.174004735119483,1.2047507825852022,1.1772306951635336,1.197941281797946,1.2190948039235956,1.4683675033684882,1.4634721662954215,1.4635056091730583,1.469135284701964,1.4701742620874194,1.6564723200406344,1.6612709889731172,1.6543616004792934,1.6566917905804084,1.6612270771113256,1.5709415971337666,1.7011792214369494,1.2652307072082374,1.3558520093933644,1.2681841360829054,1.3544018822442032
1.7036695530358257,1.7002941247800578,1.7115339746015081,1.735368081376842,1.142722871243382,1.1934715942019622,1.6432761529209525,1.8503504077063557,1.0958322151566293,1.0983540993750134,1.1610183093727522,1.3126041234959316,1.137141235480109,1.151650919413014,1.1790433275296566,1.2021877825857696,1.2285084097238654,1.1923232655797638,1.214125281731315,1.2314985040304842,1.2604189610997236,1.284233925651249,1.1409286530730942,1.1697305839940866,1.314139172285804,1.4046623094330708,1.1371744355350575,1.170985023765229,1.2003061878135672,1.1727663150580427,1.1935137511499598,1.2168254521737156,1.461975886436176,1.4571011701391658,1.4569626233853805,1.462547506761273,1.4644586756621605,1.6532632132074705,1.6584637882370927,1.6514352332889157,1.6535558161427182,1.6577675301383599,1.567039701975237,1.6974099229147785,1.2622419088502916,1.3526245103692,1.265251268848755,1.351099119823534
1.7036821376433826,1.7002056844098734,1.7106219717681501,1.7327868397008854,1.14580774476539,1.185701622477232,1.632759954471048,1.8228254683398761,1.1145008631056121,1.0796903572596641,1.1521703295074384,1.2886471006411635,1.1311741956656582,1.150523436940425,1.1793368082682323,1.1973676029250984,1.2242046706283567,1.1854677222350667,1.2079783950559324,1.2233299908987891,1.2538555937784395,1.2784584277372502,1.1372305470662751,1.165493379522713,1.3067393697154837,1.397125203361332,1.1345365433243462,1.166556575719718,1.1979392021145878,1.167384275134404,1.1893124234197436,1.2119719965226294,1.4560224680596487,1.451164863011812,1.4508413060181693,1.4563628068937033,1.4591590563144314,1.650216847200101,1.6557843659450309,1.6486624463310537,1.6505816905217339,1.654501786210828,1.5622486039431058,1.6957238152741998,1.259561760884414,1.3496054083980982,1.262655050741321,1.3479920384177542
1.703983127395999,1.7002177653918622,1.7098075686376528,1.7304858757533137,1.1344565231077768,1.1812895844895335,1.6222402446687876,1.799145175363393,1.0832993586708375,1.080303446790915,1.142666793555407,1.2669642822836225,1.1302978105736983,1.1469611187016362,1.1741001933392836,1.196026400149068,1.2199119740771083,1.1789691725193603,1.2019521669318556,1.217288049787336,1.24784286749921,1.2727358341913153,1.1341698980990722,1.1615151885446453,1.2997348633583659,1.3895884759862855,1.1292942094394671,1.1639695415010973,1.1941235329240154,1.1641574524340337,1.1859132897535303,1.2092253984323178,1.4502977700609154,1.4455695197814626,1.4450606010335623,1.4505308609822667,1.4541586200796575,1.6473124785408284,1.653222210234006,1.6460172811658689,1.647757229745977,1.6513781570538968,1.5605804529434737,1.6924406676933625,1.2569566244406727,1.3467079803181292,1.2601251703635699,1.3450982248317866
1.7035640112529022,1.6999122865080467,1.7090813465388979,1.7284253456803411,1.1326248250369608,1.1744844504389096,1.6117373765295746,1.778856552706633,1.0810570306474028,1.0683068238358635,1.1369031332368944,1.254219113553434,1.1254655733496444,1.143413110082832,1.1723639127525909,1.195651439763464,1.2178036922675046,1.1717389262101112,1.1958699538816706,1.2123365886603892,1.2415286130099588,1.2673117228324686,1.1324580186398434,1.1576125001252164,1.2931394408698966,1.3820005512311537,1.126867545988296,1.1619487798415693,1.192064022134126,1.1606823428873858,1.1830250790022923,1.2053354034581656,1.4449409662725943,1.4402920373033845,1.4395885578316654,1.4450268778358972,1.4493917627143549,1.6445367503883899,1.650755148388941,1.6434933235147398,1.6450527605051928,1.6484055677254508,1.5561323651542638,1.6931200824131192,1.2545650313374144,1.3440172727226376,1.2578243849999087,1.3423518880171785
1.7050126190012758,1.6997524054451252,1.7084197679568647,1.7265728114436336,1.1285329539224525,1.1688846917961662,1.601084585806295,1.7614125413188317,1.0869307868261635,1.070125128189217,1.1279678426837778,1.2392922449128296,1.1207899515094037,1.1411571544910808,1.1677757559885775,1.1922108721926243,1.217027854042679,1.1671579258574698,1.1906435744770325,1.2078884503734646,1.2366530808385237,1.2625745051987631,1.1310020958546816,1.1552065403134266,1.2865922341389429,1.3752260128215055,1.1251590529823585,1.1609168469861668,1.189642426562381,1.1567578571144086,1.1808440833767282,1.2029618022151334,1.4398790552982816,1.435298092660155,1.4343915035372288,1.439772409064781,1.4449193886307008,1.6418726007257398,1.648378188478671,1.641076801905877,1.6424695953237487,1.6455687041444949,1.5544025649472146,1.688437375751344,1.2522962593033902,1.3414668312536178,1.2556769205504588,1.3397883787020106
1.703992623609781,1.6996373472043758,1.7078221582809678,1.7249099770380256,1.1275982005744793,1.1644204298341283,1.5903869990223545,1.7463392646808553,1.0788091670001119,1.0698774796911654,1.123904537978513,1.2251409724552844,1.121787892425373,1.1389626366345345,1.1660424627430923,1.1913855531819837,1.2157359834400008,1.1618117552058314,1.186696198533945,1.204436948629619,1.230909797879274,1.2588027239223805,1.1266750242092487,1.151073345098586,1.281276069702874,1.3684954852725715,1.1225638467733436,1.1601564679837477,1.188555247393109,1.1522526762775174,1.1760440673947632,1.1996929656346558,1.435054077222561,1.430576279519325,1.429481234514619,1.4347868207212409,1.4407309992395347,1.6393128400013461,1.6460885694201943,1.6387614028828068,1.6399930433229593,1.6428404564161425,1.5478870211214997,1.6855967857464071,1.2502112917181485,1.3390444961803438,1.2536571131879608,1.3373570531697012
1.7038054360175066,1.6995318912275734,1.7072794904676152,1.7234073288096599,1.127062277849408,1.1597253851770086,1.5796094724113785,1.733234279499994,1.069754820605989,1.0543576086778328,1.1143832343427789,1.2205825850051977,1.1191751508936316,1.1373950593060695,1.1653839436067435,1.1889576832280246,1.2122845733341192,1.1589530038654143,1.1819311631336875,1.199252982928429,1.2264394590071543,1.2547207847512103,1.1276027611199757,1.148357408277522,1.2752191756926743,1.362698322116427,1.1205134273990203,1.157658997803935,1.1856225680519878,1.1504367489618381,1.17406272126826,1.197123777730728,1.4304716670697368,1.4260836837815503,1.4248251186303098,1.4300321787441737,1.4367102978297264,1.6368494060502934,1.6438732495201747,1.6365279744971497,1.6376086835702406,1.6402140865410253,1.5439844090640236,1.6854490971924154,1.2482037280477554,1.3368183150991253,1.2517641732758682,1.335001364325567
1.7033196692031214,1.699456418982562,1.7067816540404688,1.7220476974838248,1.1252646992993358,1.1554620978022052,1.5686951266294493,1.7217636793969737,1.0650800632311537,1.0577640607891314,1.1138360552433042,1.2087181172576684,1.1192185452962242,1.1361487552643363,1.1630196009855747,1.1848549929446845,1.2085287082057916,1.1539245948774692,1.1782711262561143,1.1955907408083308,1.2217679669615185,1.2509115913640094,1.1241365773271332,1.145087876139334,1.2694269371472624,1.3567453533964628,1.1199538568052307,1.1540706186635141,1.183186760545593,1.1471722242149225,1.1714125741784889,1.1948827486139408,1.4261276962691016,1.4218220455806394,1.4203981575806233,1.4255084973797787,1.4329261443044554,1.6344808486458755,1.6417325727635634,1.634373302057601,1.635309892541301,1.6376852307768945,1.5413495126224763,1.6846471096003786,1.2463932890009362,1.334622033738382,1.2499127800975225,1.332758437163023
1.7033217573591464,1.6995354994501142,1.7063255847630483,1.7208082631812087,1.1215506938124553,1.1531909558647893,1.557695565787123,1.711660464129466,1.0571913153587351,1.052625327727982,1.115300903112106,1.194358527496607,1.1149840732426857,1.134580854036263,1.160656376228009,1.1848487809386936,1.2077693148729391,1.1506465681192595,1.1742136830260264,1.1924338208360106,1.2190897309937037,1.2467953314303983,1.1233488800407518,1.1429320896280106,1.2643555649804716,1.350883432433786,1.1188682404317551,1.1515993951015446,1.1819828573068396,1.1445435273359117,1.1696371204651344,1.1923038194161784,1.4220006579143007,1.4177698076107574,1.416157675755842,1.4211950381328056,1.429343667187819,1.6321950624265213,1.6396567235028896,1.6322937477740338,1.6330913878857565,1.6352402911852317,1.5399635649359145,1.6826061411617266,1.2445539414349103,1.3325748543798837,1.248166883066578,1.3306691235058938
1.7033601155603544,1.69936395117467,1.7059027323436682,1.719677319218937,1.1214215480377192,1.1495349727012572,1.5466679736148254,1.7026364442807858,1.0907733850267,1.0504094157794932,1.1072792157885325,1.1847571367952816,1.1149666749595237,1.1347870927326824,1.1576619625088143,1.1817964808018355,1.2082936278050027,1.1468274078055283,1.1704674208692716,1.1884119854098687,1.2157404591013021,1.2437033471228633,1.1217718373744658,1.139880226613211,1.2604703628796883,1.3451518552099293,1.1146296551131714,1.1513257177107943,1.1810554371238873,1.1419943840414757,1.1674874511917306,1.1903784369862391,1.4180502602818443,1.4139132278922977,1.4121298373093079,1.417079652995035,1.4259362950259464,1.6299830816134555,1.6376440361513043,1.6302774768835038,1.6309409301344555,1.63288301017772,1.5386481071807536,1.6789474730359548,1.2428928877220171,1.3306103394755564,1.2465264775777303,1.328676022560095
1.70308746663992,1.6992780046706597,1.7055104381361548,1.7186410179979357,1.1167539490325993,1.1454863171191236,1.5354072865280672,1.6944528521761764,1.0543643293054197,1.0511024461231293,1.1036691477674796,1.176878001105769,1.1181186163341634,1.1357690276195018,1.1564015026984829,1.1798626149799447,1.204167843302932,1.1456856589536109,1.167872826301793,1.1874821796579622,1.212549167335112,1.2414004298346428,1.118297960465632,1.137774056657457,1.2551436333160189,1.3397305102870718,1.1167228625008874,1.1484365695232301,1.1802781110888514,1.1399998894181647,1.1649329284070278,1.1878710160473178,1.4142807859252442,1.4102572034869212,1.4082855474738407,1.4131503907626064,1.4226271841479063,1.6278398454059515,1.6356819225999693,1.628322781713063,1.6288575134583987,1.6306051010095213,1.5367889222307816,1.678068156100019,1.2412696644201893,1.3287688071983441,1.2449613633566905,1.3267725392439798
1.7039021491195903,1.6993221085615966,1.7051522429385173,1.7176810599472705,1.1164590880122462,1.1435089314636193,1.524240052610267,1.6869568465722602,1.0510664919906076,1.047529708462779,1.0902617708147266,1.1693277980362955,1.109735084034603,1.1302733700935188,1.1550057628410906,1.179556519049803,1.2040718960077657,1.1401267277783964,1.1649762007121311,1.1836915513807515,1.210031105359121,1.2389509525716667,1.116350663620831,1.1351977107218,1.2510472867963005,1.334704588675297,1.1123863100508837,1.1467360153523385,1.177103495115331,1.1370403618349976,1.1625942033027894,1.18649245122052,1.4106848743120883,1.4067385341423173,1.4046110665899352,1.409374521598975,1.4194662358506382,1.625760070699115,1.6337767125480687,1.6264268794322851,1.6268380579562727,1.6283921719471874,1.5358739450281576,1.6787473118891774,1.2397541599876443,1.3269964400790684,1.243467782857955,1.3249631505309887
1.7034182174070363,1.6992323704445202,1.7048169861760678,1.716791248084582,1.1126084629718185,1.1397216483962593,1.5130180155856956,1.6799924980393262,1.0542004984603943,1.0454022392017164,1.0940603085725666,1.1629797587221937,1.11118262930819,1.1277625730161644,1.1530318854699535,1.178167731797311,1.2037928661603245,1.1381105161099263,1.1623353104241583,1.1811997968814678,1.207822008963334,1.2352796297718038,1.1144223125458474,1.133329612202276,1.2462897503483767,1.3296166491952257,1.111657385542014,1.145119364151157,1.1770630729216527,1.1347313852913286,1.1613599514532207,1.184524030851328,1.4072379285330503,1.4033998203621727,1.4010966683327795,1.4057659159198683,1.4164846437468857,1.6237407033519364,1.6319255750092547,1.62458176654066,1.6248846780365596,1.6262429715819993,1.5333540280028464,1.6768060779313074,1.2383310437034507,1.3253060448961311,1.2420049113870202,1.3232079988809469
1.7034337195749092,1.6993164660911375,1.7045036542149816,1.7159736824377707,1.1160231518035055,1.138804936302716,1.5017912873262589,1.6734225807967755,1.0540604626105126,1.0623573108307354,1.0908177787732305,1.1584025162193226,1.11474048160261,1.1312496516808268,1.1524322848922006,1.1765101831746856,1.2021099042181318,1.1362419193621163,1.1596486569900222,1.1792657158549966,1.2037338418904338,1.2328335604834653,1.1136268022752682,1.1319201652298545,1.2423480873198658,1.3248329769362364,1.1109215672807553,1.1435352073596128,1.174912119226766,1.132849471653261,1.1584761577720102,1.182572816815972,1.4039402704780835,1.4002025224321661,1.3977289045151862,1.4023075212380356,1.4136266038515306,1.6217784352441034,1.6301164881280825,1.6227882050111253,1.6229862099685233,1.6241510222642914,1.5293726110713053,1.6749539783034773,1.2369013041556873,1.323679202512718,1.240656595260798,1.3215483527293863
1.7033653129871167,1.6992765585404734,1.7042169859676244,1.715218267016136,1.1107511259680065,1.1358120997458325,1.4906370467270313,1.6671767688768229,1.0774732026092402,1.041686027968157,1.0807850345415693,1.1569334485191403,1.1084648206690293,1.130149048506112,1.1507895097440135,1.1735236182635085,1.202201197419826,1.133756195751493,1.1568195785220192,1.17652513704115,1.200712259489189,1.2312519435776077,1.112424744362576,1.1303793200065502,1.2384489466549269,1.320250027069582,1.107746016843248,1.1432231512292317,1.174292906224914,1.1306210974541013,1.1570956661749323,1.1803432743483715,1.4007741294220815,1.3971409862240045,1.3944767787138839,1.3989782506253003,1.41086491231233,1.6198676962949958,1.6283541365474974,1.6210404660810656,1.621135556265522,1.6221292834020213,1.5273331570210948,1.6738576096500803,1.2355963815823672,1.3221040958820551,1.2393534257311678,1.3199746893576905
1.7038114191396867,1.699112652694955,1.7039475533562847,1.714514092170125,1.1096256642042033,1.1352347548497015,1.4795674893574093,1.661164144462017,1.05934918603629,1.041579772434151,1.0733981930117467,1.1481970779652735,1.107800792532121,1.1245887628765272,1.1518536051629202,1.1743097003538152,1.2007181820637527,1.1320947797839302,1.1553859860857456,1.1748951081256533,1.1998545086706054,1.229039702010944,1.111020473717351,1.1276707895773594,1.2345784358214709,1.3158870142922394,1.107481935296348,1.1424240732848094,1.1736940678117245,1.1292180323555305,1.155066575959578,1.1795383786103406,1.397743543107738,1.39419416843446,1.3913675528637015,1.395776366255015,1.4082099605313119,1.618012957925339,1.6266346104375267,1.619344598201445,1.619334011693781,1.6201598516808684,1.5317623816455435,1.6702656120226698,1.2343211278150725,1.3205688118791294,1.238082744114745,1.3184092534710994
1.7025594403085116,1.69896007167763,1.7037003405195807,1.7138627272826044,1.1121034217972157,1.1320167099606973,1.4686929708708762,1.6553036875297304,1.0416644451777577,1.0308936818112984,1.0791035323051656,1.1445001319181287,1.1078607202892188,1.1238277815752984,1.1485459379820357,1.1729558686980444,1.1992203034199138,1.1294187812384018,1.1534280810093291,1.1730032613131183,1.199060296619153,1.2264071514351305,1.1097850741092632,1.1266895313046614,1.2309726159190981,1.311541169439684,1.1047351418533098,1.1404484738395697,1.1729147753303522,1.1262970404826635,1.1549446610522616,1.178258072826715,1.3948204679635507,1.3913666582308393,1.3883780350272232,1.3927024420012455,1.405660525147451,1.6162039493741074,1.624952900276418,1.6176905941523836,1.617578632297945,1.6182508846563797,1.5268789541903671,1.6679579148396888,1.233034512404008,1.3190995188309804,1.2369124475115696,1.3169167499283492
1.7024918995307767,1.6988651312491394,1.7034654732498966,1.7132527767803847,1.113515190591049,1.1307767063755696,1.4579741656018224,1.6495681296972304,1.0387824257169107,1.0394151840064194,1.0666422559342967,1.1374934877691434,1.105036871160858,1.1239606019158097,1.1489430815257204,1.1738108339503501,1.1974463844171748,1.128114665153357,1.151921313985313,1.1710955798797251,1.1957514374239084,1.2253088103368317,1.1077521915665813,1.1247098623279979,1.2274683554384005,1.3075118386301117,1.1041349245647787,1.1401534189063516,1.1702530926610202,1.1256188325976357,1.1523226343435529,1.1777289510686788,1.3920270033496671,1.3886573149421002,1.3854882332420637,1.3897544860927167,1.4032379024095292,1.6144388071207048,1.623310339884638,1.6160809777284393,1.6158635001284045,1.616388978844945,1.5247389089862673,1.66859290602954,1.231905055882174,1.3176921711969332,1.2357372898628471,1.315484802077743
1.7035306140816329,1.698938375840595,1.7032506836665517,1.7126832298611783,1.1067796222483868,1.1279193372920524,1.4474757382048349,1.6438410829618233,1.0392032630773438,1.0447821019654062,1.0691054220669003,1.132848405058837,1.1019732271879301,1.1216684855112333,1.146953310434162,1.1706830105409862,1.1987116269942215,1.1269528483766926,1.1483231478787665,1.1693631180100275,1.1939586091245806,1.222647573830795,1.1071545286431947,1.1232849341411373,1.2243379953635467,1.3033347154324133,1.103636892929907,1.1386146439943172,1.1699097674123218,1.1234757755072593,1.15087270686462,1.1762466341517817,1.3893251564755116,1.3860377584524899,1.382708031280545,1.386906718426748,1.400883901798393,1.6127112280482097,1.6217021486231924,1.6145107135892103,1.6141905711242588,1.6145726712064392,1.5179287525502045,1.6679216197520945,1.2307766028960958,1.3163497739312193,1.234621438825708,1.3141230450547106
1.7032886234787057,1.698856745069146,1.7030448484197378,1.7121473477498719,1.106396189247493,1.1276991215210936,1.4373008578843711,1.6381985431035657,1.0411613909281447,1.0245499972215455,1.0735160576708587,1.1336219628172537,1.101339039393171,1.1224457588358747,1.1464961142658125,1.1705294981120078,1.1954195286102993,1.1279793610569555,1.146618078292246,1.1672229875417586,1.1924432085440089,1.2223057888531896,1.105166388256079,1.1219307856868352,1.2212405702892473,1.3000094791818386,1.102570341611635,1.136960572131628,1.1690240789987016,1.1223586053823107,1.1495890553693666,1.1743277439686273,1.386732274860311,1.3835168528478048,1.3800287856563884,1.3841676895591064,1.3986016102483638,1.611026728501606,1.6201316079927521,1.612976917192572,1.6125587683404239,1.6127998111466602,1.5195787311961306,1.6667010323006828,1.2296968226639144,1.3150350537155098,1.2335640744656757,1.3127897160538362
1.7036966621139515,1.6989140170192405,1.7028572717151966,1.7116456383480052,1.1065159991200277,1.1249964396435859,1.427309693553175,1.6325809570855085,1.0546388585365796,1.0281718143277225,1.0671803491665284,1.1249251512390814,1.101705049763967,1.1195268884593872,1.1457391935072598,1.1691597129130218,1.1913713354334343,1.1235148600840468,1.146193904435743,1.1648954098558677,1.1910097062529732,1.2192177867128444,1.1035214886140432,1.1201442054842967,1.2182310602897892,1.2958525460871946,1.102028476529784,1.1368448084409892,1.1680982851024044,1.1207519710584808,1.148373834562968,1.1726485442921573,1.384217099411029,1.3810928748599303,1.3774569677289787,1.3815020321973,1.3964111446251313,1.6093834834339629,1.618595569626085,1.61147800056603,1.6109670349303427,1.61106534539098,1.5199184691265502,1.6625208256309982,1.2286105123160695,1.313759938497066,1.2325492494905563,1.311492739702289
1.7028999023080125,1.6987151819829305,1.7026794719183211,1.7111713262013795,1.106064335387791,1.1239602009890297,1.4177089298969956,1.6269687567086555,1.0356253799246626,1.0325929564764473,1.058950257039348,1.1259036894715166,1.1001422386465889,1.1187983630131264,1.144556714070775,1.167953301679885,1.1924464131446368,1.121440634617871,1.143422008167861,1.1643596874372046,1.1895803986189237,1.2175344137198276,1.1039910657789636,1.1200353670293475,1.2150524418955637,1.2923411977303618,1.099244930109068,1.1347778226124774,1.167897037099739,1.1191741292096882,1.1473440185685106,1.1718655307636574,1.3817958497589045,1.3787490944957204,1.374975880802219,1.378945245186543,1.394298267272844,1.6077782354124124,1.6170925901792654,1.6100114553252016,1.60941200145378,1.6093756367037246,1.5187667573198869,1.663781079860398,1.227589572894905,1.312512618853515,1.2315353628153782,1.3102406809561131
1.7033484510485843,1.6986305794914995,1.7025147570263088,1.7107251206022058,1.1028933310587994,1.1222776356820088,1.4081136304891022,1.6213309256592854,1.0452427142492304,1.0268878206687677,1.0642612233182396,1.1207166785942027,1.1024922772247991,1.1216024675478855,1.143851589303935,1.1692156657225345,1.1920991038519864,1.1204786700628309,1.1423178611290927,1.1631814704224923,1.187969120043304,1.2169724356782257,1.1022376906765818,1.118624079652855,1.2123576461312262,1.2887451278871678,1.1000700414279492,1.134212490015394,1.1655808586356362,1.119060314924157,1.1460024141139185,1.1714620391644015,1.3794627056653093,1.3764929477039651,1.3725789391299343,1.3764779649671095,1.3922341109002343,1.6062053186127212,1.6156181986618443,1.6085751638661254,1.6078861479495743,1.6077255557458854,1.5162124546497484,1.6611303739929804,1.2266106521211255,1.3113201129447707,1.230591092551939,1.3090223842104511
1.702692765744199,1.6987470105973301,1.7023612052928123,1.7103033776987056,1.1035820942921304,1.1191487075485196,1.3990579204645852,1.6156975639909852,1.0359100544431086,1.0197590428603795,1.0552541722158413,1.116943733979956,1.0978635784734556,1.1203053439386281,1.1433754362694877,1.1655935201900864,1.1910586745831555,1.120384488891104,1.1408602379276347,1.160714923480919,1.1865343087242906,1.2154662501016065,1.101174891038242,1.1171133490567946,1.209839415030587,1.2852866226382704,1.0995604010829416,1.1332839626746611,1.1663087720359324,1.1169344878869207,1.1453248658216901,1.1702216771309892,1.3771978501451576,1.3743041572232335,1.3702648509555717,1.3740912483343544,1.3902562490203456,1.6046682361967624,1.6141758797614785,1.6071688459807794,1.6063935454133627,1.6061135613925086,1.5124215961630412,1.6626870917906427,1.2256731772924154,1.3101574989969091,1.2296425165999294,1.3078559846781712
1.7025152400307777,1.6985782842641617,1.7022148428533528,1.7099064106240833,1.1004313796342635,1.1185203046949797,1.3902378436511393,1.610063426767856,1.0440619095931605,1.0251337706128871,1.0552599615881368,1.116552655204543,1.101265153682978,1.118281159642719,1.1421461534078592,1.1651433699033915,1.1895680032870182,1.1179932388382539,1.1392692252984267,1.1594104378492949,1.184763660521805,1.2132580206268806,1.1011798536530373,1.1154826057622647,1.2070281536887952,1.2821169930957506,1.099195298643454,1.1324580046684425,1.1672505810991434,1.1153702087587307,1.143958959812952,1.1688595403502664,1.3750192664041347,1.3721933430691118,1.368029758661834,1.3717756482198147,1.3883443045302992,1.6031619082482538,1.6127647493461121,1.605791084502197,1.6049304234957171,1.6045334500793544,1.5141859016231896,1.660388364679352,1.2247321615314286,1.3090453989269422,1.2287295649267094,1.3067349161285917
1.7029159301775965,1.698648244058457,1.7020757048295918,1.7095300094429464,1.1007103393486004,1.1174461482536289,1.3816695786895572,1.6044264503859722,1.0371206696608637,1.0208194056370599,1.0507156457836866,1.107039091614766,1.0969067718938508,1.1163864691240737,1.1414944278874757,1.1657317712603288,1.1904190577938623,1.1161421620727134,1.139761798236502,1.1587215311139198,1.1836181642475851,1.2116087231976707,1.1000230488455482,1.1141646917657937,1.2043327255351257,1.2789125432532624,1.0961158760904597,1.1319034101190313,1.1640407287741763,1.1155443883309732,1.1436137085629654,1.167577956216404,1.3728996221292777,1.3701436246819674,1.3658680067834863,1.3695370318644078,1.3864907875136885,1.6016869133922862,1.611375160076883,1.604441521130792,1.6034949736536763,1.6029842834889956,1.5128198294033095,1.6605237911863375,1.2238527354252842,1.3079588130668516,1.2278640232194122,1.3056028864744844
1.7031800816208418,1.698544066883915,1.7019439286693552,1.709172593888069,1.0978799048764007,1.1177545216778602,1.3734780799064816,1.5987650869250294,1.0277095659581874,1.039533924284006,1.0518819249984448,1.1060738354514525,1.0953477124683322,1.1159002064166148,1.139969067651734,1.1651522759681652,1.1879943697812738,1.1156561825351428,1.1377950866568236,1.157188827517296,1.1822657659300728,1.209801602492945,1.0990559128674828,1.1136851810270618,1.2022097693643958,1.2755812600106844,1.0973961469557283,1.1319789498750024,1.166054450431593,1.1126877668657948,1.142449019783719,1.1664434133122172,1.3708488763658546,1.3681491422414491,1.363769300328082,1.3673676413018254,1.3846997080436574,1.600240213020553,1.6100115800147081,1.6031207566681431,1.6020883312394039,1.6014703729430932,1.5113110182821556,1.6584834192481896,1.222993532058779,1.3069073766129942,1.2270075835249885,1.3045309042869704
1.7024350953960814,1.6985705313072967,1.7018171106610436,1.7088310044433326,1.1038195012059584,1.1162335559781291,1.3655508283470987,1.5931062669061948,1.033177348553172,1.0150252758996625,1.0507186471453192,1.1018123165409266,1.1013031901122754,1.113843979024495,1.1386381770228367,1.1624042161529207,1.1879113220747586,1.1144113885978517,1.136228071422673,1.1566773255419482,1.1808628638570726,1.2088392110575341,1.09773256719527,1.1122672466367798,1.1996929827614848,1.272748196482841,1.0956897656788833,1.1307508777558883,1.162991997378804,1.1117907748457758,1.1419527242790906,1.1656801566279689,1.3688602192073418,1.3662160830222387,1.3617409548280703,1.3652650405868143,1.382963116653259,1.5988231361608047,1.6086753626957466,1.6018275477959838,1.600709648152069,1.5999876462545013,1.5052696127702307,1.6585047831600592,1.2221398449165397,1.3058734993481467,1.2261702386607634,1.3034930227255457
1.702773729643975,1.6985317270206002,1.701693289878464,1.7085065003438946,1.1039637195701453,1.1156871625536746,1.3578513101074492,1.5874379330093222,1.0310676460916421,1.0336531377089535,1.0437827563479178,1.097068326043616,1.095452617210169,1.1169759730682385,1.139086120387661,1.163355052763582,1.1874228318859812,1.1138425313517306,1.1343924691263738,1.155454375539335,1.1793890328488554,1.2071975453334007,1.0974372096923817,1.1113574338071697,1.1973787522073265,1.269786857103239,1.093108999593245,1.1313386496098121,1.1626098902647766,1.1109433087751093,1.1397738727836162,1.1652649906074164,1.3669304256399273,1.3643499061715723,1.359769099253501,1.3632193189479467,1.3812540049640336,1.5974326242781904,1.6073606718168527,1.6005622827577561,1.599356676346414,1.5985348848454817,1.5097313484147075,1.6573037093128293,1.22131683332554,1.3048849352292422,1.225351695318149,1.302494125389587
1.7026488582519643,1.698499271001963,1.7015786365922678,1.7081977627427858,1.096812277997496,1.1125799463301536,1.3505707413970227,1.5817554895246972,1.0287831775480871,1.0149094383326147,1.0447355637297986,1.104730297056085,1.0931127089400121,1.1145640861096344,1.1382917949461484,1.1616137979587577,1.1855591564421706,1.1101302630263652,1.1343212597393362,1.1544080082805344,1.1795865545698525,1.2062837380123494,1.0961145314055003,1.1106720757555413,1.1951497170276193,1.2666926847885749,1.0948964816095474,1.130732175055632,1.1616763392589908,1.11091041741364,1.1387799131850243,1.1642478039937953,1.3650610100825897,1.36252879391727,1.3578588989971645,1.3612339176176977,1.3795889859612813,1.5960684465289543,1.6060711002634622,1.599320803210596,1.598026793683162,1.5971107078861808,1.5060581769358707,1.6558076439312446,1.220511455739705,1.303904455636157,1.2245698243657663,1.3014915943120358
1.7025728111503684,1.6983466525675215,1.7014710593060882,1.7079034297699531,1.097483155803045,1.1124915851209383,1.3434437653274436,1.5760562684477397,1.0228141513591889,1.0296164696914003,1.043190490466969,1.0942997545750104,1.0911139124724818,1.1130644922094102,1.1373261904461671,1.164636216084864,1.1866711629765505,1.1099378129418895,1.1331471654221563,1.15373212767886,1.1781225278377638,1.2045085629940089,1.0940993215548938,1.1087448401821622,1.1931365821550861,1.2639095020058944,1.0922754706915017,1.1273036418392066,1.16300082447371,1.1088078506290426,1.138223723031129,1.1636260216628758,1.3632471031325601,1.360759798293237,1.355994026500497,1.3593195428679254,1.3779850507079219,1.5947299323106159,1.6048035246592682,1.5981043789721738,1.5967196143322235,1.5957124956394595,1.5048180258109127,1.6543918579762191,1.2197558689468253,1.3029632668239246,1.223814978018972,1.3005283551690032
